{"assets/fonts/NunitoSans-Bold.ttf":["assets/fonts/NunitoSans-Bold.ttf"],"assets/fonts/NunitoSans-ExtraLight.ttf":["assets/fonts/NunitoSans-ExtraLight.ttf"],"assets/fonts/NunitoSans-Light.ttf":["assets/fonts/NunitoSans-Light.ttf"],"assets/fonts/NunitoSans-Regular.ttf":["assets/fonts/NunitoSans-Regular.ttf"],"assets/logo.png":["assets/logo.png"],"packages/cupertino_icons/assets/CupertinoIcons.ttf":["packages/cupertino_icons/assets/CupertinoIcons.ttf"],"packages/fluttertoast/assets/toastify.css":["packages/fluttertoast/assets/toastify.css"],"packages/fluttertoast/assets/toastify.js":["packages/fluttertoast/assets/toastify.js"],"packages/font_awesome_flutter/lib/fonts/fa-brands-400.ttf":["packages/font_awesome_flutter/lib/fonts/fa-brands-400.ttf"],"packages/font_awesome_flutter/lib/fonts/fa-regular-400.ttf":["packages/font_awesome_flutter/lib/fonts/fa-regular-400.ttf"],"packages/font_awesome_flutter/lib/fonts/fa-solid-900.ttf":["packages/font_awesome_flutter/lib/fonts/fa-solid-900.ttf"]}